id,form_guid,form_title,form_type_id,form_subject_id,form_area_id,date_began,date_ended,date_filled_paper,person_id_filled_paper,org_unit_id_filled_paper,capture_site_id,timestamp_created,user_id_created,timestamp_updated,user_id_updated,is_void
32,FMSI032F,Young Person and Caregiver Case Review Tool,,,,2023-08-18,,2023-08-18,,,,2023-08-18 06:23:04+00:00,1,,1,False
31,FMSI031F,Child Assessment Form,,,,2023-08-18,,2023-08-18,,,,2023-08-18 06:22:24+00:00,1,,1,False
30,FMSI030F,Vocational and Proficiency Form,,,,2023-08-18,,2023-08-18,,,,2023-08-18 06:21:40+00:00,1,,1,False
29,FMSI029F,Education Form,,,,2023-08-18,,2023-08-18,,,,2023-08-18 06:21:09+00:00,1,,1,False
28,FMSI028F,Court Attendance Form,,,,2023-08-18,,2023-08-18,,,,2023-08-18 06:20:43+00:00,1,,1,False
27,FMSI027F,Counselling Form,,,,2023-08-18,,2023-08-18,,,,2023-08-18 06:19:18+00:00,1,,1,False
26,FMSI026F,Child Participation Form,,,,2023-08-18,,2023-08-18,,,,2023-08-18 06:18:51+00:00,1,,1,False
25,FMSI025F,Re-unification Form,,,,2023-08-18,,2023-08-18,,,,2023-08-18 06:18:19+00:00,1,,1,False
24,FMSI023F,Case Closure Form,,,,2023-08-18,,2023-08-18,,,,2023-08-18 06:17:46+00:00,1,,1,False
23,FMSI022F,Certificate of Exit for Children,,,,2023-08-18,,2023-08-18,,,,2023-08-18 06:17:11+00:00,1,,1,False
22,FMSI021F,Release form,,,,2023-08-18,,2023-08-18,,,,2023-08-18 06:16:41+00:00,1,,1,False
21,FMSI020F,Case Referral Form,,,,2023-08-18,,2023-08-18,,,,2023-08-18 06:16:13+00:00,1,,1,False
20,FMSI019F,Escape Form,,,,2023-08-18,,2023-08-18,,,,2023-08-18 06:15:45+00:00,1,,1,False
19,FMSI018F,Record of Visits and Correspondence,,,,2023-08-18,,2023-08-18,,,,2023-08-18 06:15:15+00:00,1,,1,False
18,FMSI017F,Leave of Absence Assessment Form,,,,2023-08-18,,2023-08-18,,,,2023-08-18 06:14:48+00:00,1,,1,False
17,FMSI016F,Joint Family Agreement Form,,,,2023-08-18,,2023-08-18,,,,2023-08-18 06:14:21+00:00,1,,1,False
16,FMSI015F,Family Conferencing Form,,,,2023-08-18,,2023-08-18,,,,2023-08-18 06:13:53+00:00,1,,1,False
15,FMSI014F,Change in the Profile of a Child Under Environmental Adjustment,,,,2023-08-18,,2023-08-18,,,,2023-08-18 06:12:55+00:00,1,,1,False
14,FMSI013F,Request for Revocation of Committal Order,,,,2023-08-18,,2023-08-18,,,,2023-08-18 06:12:24+00:00,1,,1,False
13,FMSI012F,Monitoring tool,,,,2023-08-18,,2023-08-18,,,,2023-08-18 06:11:51+00:00,1,,1,False
12,FMSI011F,Medical Assessment Form,,,,2023-08-18,,2023-08-18,,,,2023-08-18 06:08:40+00:00,1,,1,False
11,FMSI010F,Individual Care Plan,,,,2023-08-18,,2023-08-18,,,,2023-08-18 06:08:07+00:00,1,,1,False
10,FMSI009F,Individual Treatment Plan,,,,2023-08-18,,2023-08-18,,,,2023-08-18 06:07:36+00:00,1,,1,False
9,FMSI008F,Family Assessment Form,,,,2023-08-18,,2023-08-18,,,,2023-08-18 06:06:58+00:00,1,,1,False
8,FMSI007F,Child Identification Form,,,,2023-08-18,,2023-08-18,,,,2023-08-18 06:05:12+00:00,1,,1,False
7,FMSI006F,Child and Caregiver Case Review Tool,FMSI,,,2023-08-18,,2023-08-18,,,,2023-08-18 06:04:17+00:00,1,,1,False
6,FMSI005F,Social Enquiry Form,,,,2023-08-16,,2023-08-16,,,,2023-08-16 07:08:01+00:00,1,,1,False
5,FMSI004F,Admission Form,,,,2023-08-16,,2023-08-16,,,,2023-08-16 07:07:23+00:00,1,,1,False
4,FMSI003F,Needs and Risk Assessment Scale,,,,2023-08-16,,2023-08-16,,,,2023-08-16 07:06:48+00:00,1,,1,False
3,FMSI002F,Needs and Risk Assessment,FMSI,,,2023-08-16,,2023-08-16,,,,2023-08-16 07:05:57+00:00,1,2023-08-16 07:05:59+00:00,1,False
2,FMSI001F,Application for a Vacancy,FMSI,,,2023-08-15,,2023-08-15,,,,2023-08-15 08:11:17+00:00,1,,1,False
1,FMSI024F,Access to Legal Aid Form,FMSI,,,2023-08-14,,2023-08-14,,,,2023-08-14 11:14:02+00:00,1,,1,False
